ID,LABEL
1600,1
1601,1
1602,0
1603,0
1604,1
1605,0
1606,0
1607,0
1608,1
1609,0
1610,0
1611,0
1612,0
1613,0
1614,1
1615,0
1616,0
1617,0
1618,1
1619,0
1620,1
1621,0
1622,0
1623,0
1624,0
1625,0
1626,0
1627,0
1628,0
1629,0
1630,1
1631,0
1632,0
1633,1
1634,1
1635,1
1636,1
1637,0
1638,0
1639,0
1640,0
1641,1
1642,0
1643,1
1644,0
1645,0
1646,0
1647,0
1648,1
1649,0
1650,0
1651,0
1652,0
1653,0
1654,0
1655,0
1656,0
1657,0
1658,0
1659,0
1660,0
1661,0
1662,0
1663,0
1664,0
1665,0
1666,0
1667,0
1668,1
1669,0
1670,0
1671,0
1672,1
1673,0
1674,0
1675,0
1676,0
1677,0
1678,0
1679,0
1680,0
1681,0
1682,0
1683,1
1684,0
1685,0
1686,0
1687,0
1688,0
1689,0
1690,1
1691,0
1692,0
1693,0
1694,0
1695,1
1696,0
1697,0
1698,0
1699,0
1700,0
1701,1
1702,0
1703,1
1704,0
1705,0
1706,1
1707,0
1708,1
1709,1
1710,0
1711,0
1712,0
1713,0
1714,0
1715,0
1716,0
1717,1
1718,0
1719,0
1720,1
1721,0
1722,1
1723,0
1724,0
1725,0
1726,0
1727,1
1728,1
1729,1
1730,0
1731,0
1732,1
1733,0
1734,0
1735,0
1736,1
1737,0
1738,0
1739,1
1740,0
1741,0
1742,0
1743,0
1744,1
1745,0
1746,0
1747,0
1748,0
1749,0
1750,1
1751,0
1752,0
1753,0
1754,1
1755,1
1756,1
1757,0
1758,0
1759,0
1760,0
1761,0
1762,1
1763,0
1764,0
1765,0
1766,0
1767,0
1768,0
1769,0
1770,0
1771,1
1772,0
1773,0
1774,0
1775,0
1776,0
1777,0
1778,0
1779,0
1780,0
1781,0
1782,0
1783,0
1784,0
1785,0
1786,0
1787,0
1788,0
1789,0
1790,0
1791,0
1792,0
1793,0
1794,0
1795,0
1796,0
1797,0
1798,0
1799,0
1800,0
1801,0
1802,1
1803,0
1804,0
1805,0
1806,0
1807,0
1808,0
1809,0
1810,1
1811,0
1812,0
1813,0
1814,1
1815,0
1816,0
1817,0
1818,1
1819,0
1820,0
1821,0
1822,0
1823,0
1824,0
1825,0
1826,0
1827,0
1828,0
1829,0
1830,0
1831,1
1832,0
1833,0
1834,0
1835,0
1836,0
1837,1
1838,1
1839,0
1840,0
1841,0
1842,0
1843,0
1844,0
1845,0
1846,0
1847,0
1848,1
1849,0
1850,0
1851,0
1852,0
1853,0
1854,0
1855,1
1856,0
1857,0
1858,0
1859,0
1860,0
1861,0
1862,0
1863,0
1864,0
1865,1
1866,0
1867,0
1868,0
1869,0
1870,0
1871,1
1872,0
1873,0
1874,0
1875,0
1876,0
1877,0
1878,0
1879,0
1880,0
1881,1
1882,0
1883,0
1884,0
1885,0
1886,0
1887,0
1888,0
1889,0
1890,0
1891,0
1892,0
1893,1
1894,0
1895,0
1896,0
1897,0
1898,1
1899,0
1900,0
1901,0
1902,1
1903,1
1904,0
1905,0
1906,1
1907,0
1908,0
1909,0
1910,0
1911,0
1912,0
1913,1
1914,0
1915,0
1916,0
1917,0
1918,0
1919,1
1920,0
1921,0
1922,0
1923,0
1924,0
1925,0
1926,0
1927,0
1928,0
1929,1
1930,1
1931,0
1932,1
1933,0
1934,0
1935,0
1936,0
1937,0
1938,0
1939,0
1940,0
1941,0
1942,0
1943,1
1944,0
1945,0
1946,0
1947,0
1948,0
1949,0
1950,0
1951,1
1952,0
1953,1
1954,0
1955,1
1956,0
1957,0
1958,0
1959,0
1960,0
1961,0
1962,1
1963,0
1964,0
1965,0
1966,0
1967,1
1968,0
1969,0
1970,0
1971,0
1972,0
1973,0
1974,0
1975,0
1976,0
1977,0
1978,0
1979,0
1980,0
1981,0
1982,0
1983,0
1984,0
1985,0
1986,0
1987,0
1988,0
1989,1
1990,0
1991,1
1992,0
1993,0
1994,0
1995,1
1996,0
1997,0
1998,0
2000,0
2001,0
2002,0
2003,1
2004,0
2005,0
2006,0
2007,0
2008,0
2009,0
2010,0
2011,1
2012,1
2013,0
2014,0
2015,1
2016,0
2017,0
2018,0
2019,0
2020,0
2021,0
2022,0
2023,1
2024,0
2025,0
2026,0
2027,0
2028,1
2029,0
2030,0
2031,0
2032,0
2033,0
2034,0
2035,0
2036,0
2037,1
2038,0
2039,0
2040,0
2041,0
2042,0
2043,0
2044,0
2045,0
2046,0
2047,1
2048,0
2049,0
2050,0
2051,1
2052,1
2053,0
2054,1
2055,0
2056,0
2057,1
2058,0
2059,0
2060,1
2061,1
2062,0
2063,0
2064,0
2065,0
2066,1
2067,0
2068,0
2069,0
2070,0
2071,0
2072,0
2073,0
2074,1
2075,0
2076,0
2077,0
2078,1
2079,0
2080,0
2081,0
2082,0
2083,1
2084,0
2085,0
2086,0
2087,0
2088,1
2089,0
2090,0
2091,1
2092,1
2093,0
2094,0
2095,0
2096,0
2097,0
2098,0
2099,0
2100,0
2101,0
2102,0
2103,1
2104,0
2105,0
2106,0
2107,0
2108,1
2109,0
2110,0
2111,0
2112,0
2113,1
2114,0
2115,0
2116,0
2117,1
2118,0
2119,0
2120,1
2121,0
2122,0
2123,0
2124,0
2125,0
2126,1
2127,0
2128,1
2129,0
2130,1
2131,1
2132,0
2133,1
2134,0
2135,0
2136,1
2137,0
2138,0
2139,0
2140,0
2141,0
2142,1
2143,1
2144,0
2145,1
2146,0
2147,0
2148,1
2149,0
2150,0
2151,0
2152,1
2153,1
2154,0
2155,0
2156,1
2157,0
2158,0
2159,0
2160,0
2161,0
2162,1
2163,0
2164,0
2165,1
2166,0
2167,0
2168,1
2169,0
2170,0
2171,1
2172,1
2173,1
2174,0
2175,0
2176,0
2177,1
2178,0
2179,0
2180,0
2181,0
2182,0
2183,1
2184,0
2185,0
2186,0
2187,0
2188,0
2189,0
2190,0
2191,0
2192,1
2193,0
2194,0
2195,0
2196,0
2197,0
2198,0
2199,0
2200,0
2201,0
2202,0
2203,0
2204,0
2205,1
2206,1
2207,1
2208,0
2209,1
2210,0
2211,0
2212,0
2213,0
2214,1
2215,1
2216,0
2217,0
2218,0
2219,0
2220,0
2221,0
2222,1
2223,1
2224,0
2225,0
2226,0
2227,1
2228,0
2229,0
2230,0
2231,1
2232,0
2233,1
2234,0
2235,0
2236,0
2237,1
2238,0
2239,0
2240,1
2241,0
2242,1
2243,0
2244,0
2245,0
2246,1
2247,0
2248,0
2249,1
2250,0
2251,0
2252,1
2253,0
2254,0
2255,0
2256,0
2257,1
2258,1
2259,0
2260,0
2261,0
2262,0
2263,1
2264,0
2265,0
2266,1
2267,0
2268,0
2269,0
2270,1
2271,0
2272,0
2273,0
2274,0
2275,1
2276,1
2277,0
2278,0
2279,1
2280,0
2281,0
2282,0
2283,0
2284,0
2285,1
2286,0
2287,1
2288,0
2289,0
2290,1
2291,0
2292,1
2293,0
2294,0
2295,1
2296,1
2297,0
2298,1
2299,1
2300,0
2301,0
2302,1
2303,0
2304,0
2305,0
2306,0
2307,1
2308,0
2309,0
2310,0
2311,0
2312,0
2313,0
2314,0
2315,0
2316,1
2317,1
2318,0
2319,0
2320,0
2321,1
2322,1
2323,1
2324,0
2325,0
2326,1
2327,0
2328,0
2329,0
2330,0
2331,1
2332,1
2333,0
2334,0
2335,0
2336,1
2337,0
2338,0
2339,0
2340,1
2341,0
2342,1
2343,0
2344,0
2345,1
2346,1
2347,0
2348,0
2349,0
2350,1
2351,1
2352,0
2353,0
2354,1
2355,0
2356,0
2357,0
2358,0
2359,0
2360,1
2361,0
2362,1
2363,1
2364,0
2365,0
2366,0
2367,0
2368,0
2369,0
2370,0
2371,0
2372,0
2373,0
2374,0
2375,0
2376,0
2377,1
2378,0
2379,0
2380,0
2381,0
2382,0
2383,0
2384,0
2385,0
2386,1
2387,0
2388,0
2389,0
2390,0
2391,0
2392,0
2393,0
2394,0
2395,0
2396,0
2397,0
2398,0
2399,0
2400,1
2401,0
2402,0
2403,0
2404,0
2405,0
2406,0
2407,1
2408,0
2409,1
2410,0
2411,0
2412,0
2413,0
2414,0
2415,0
2416,0
2417,0
2418,0
2419,1
2420,0
2421,0
2422,0
2423,0
2424,0
2425,0
2426,0
2427,0
2428,1
2429,0
2430,0
2431,0
2432,1
2433,0
2434,0
2435,0
2436,0
2437,1
2438,0
2439,0
2440,1
2441,1
2442,0
2443,0
2444,0
2445,1
2446,0
2447,0
2448,0
2449,1
2450,0
2451,0
2452,0
2453,0
2454,0
2455,1
2456,0
2457,0
2458,0
2459,0
2460,0
2461,1
2462,1
2463,0
2464,0
2465,0
2466,0
2467,0
2468,0
2469,0
2470,1
2471,1
2472,0
2473,0
2474,0
2475,0
2476,0
2477,0
2478,0
2479,0
2480,0
2481,0
2482,0
2483,0
2484,1
2485,0
2486,0
2487,1
2488,0
2489,0
2490,0
2491,1
2492,1
2493,0
2494,0
2495,0
2496,0
2497,0
2498,1
2499,0
